{
    "/home/faleivac/Documents/GitHub/TFG_FL_SLAM/Dataset/LIDAR/Inside/prueba14\\monocular": {
        "cpu_usage": [
            75.6525
        ],
        "memory_usage": [
            43.61
        ],
        "average_cpu_usage": 82.64193548387097,
        "average_memory_usage": 43.76129032258065,
        "execution_time": 30.46663475036621
    },
    "/home/faleivac/Documents/GitHub/TFG_FL_SLAM/Dataset/LIDAR/Inside/prueba14\\sift": {
        "cpu_usage": [
            47.442499999999995
        ],
        "memory_usage": [
            21.6325
        ],
        "average_cpu_usage": 52.516666666666666,
        "average_memory_usage": 21.973333333333326,
        "execution_time": 29.272749185562134
    },
    "/home/faleivac/Documents/GitHub/TFG_FL_SLAM/Dataset/LIDAR/Inside/prueba14\\optimize": {
        "cpu_usage": [
            49.64958333333333
        ],
        "memory_usage": [
            44.02916666666666
        ],
        "average_cpu_usage": 47.87580645161289,
        "average_memory_usage": 44.10806451612903,
        "execution_time": 61.61178994178772
    },
    "/home/faleivac/Documents/GitHub/TFG_FL_SLAM/Dataset/LIDAR/Inside/prueba16\\monocular": {
        "cpu_usage": [
            80.17458333333335
        ],
        "memory_usage": [
            44.96125
        ],
        "average_cpu_usage": 82.22931034482757,
        "average_memory_usage": 44.9896551724138,
        "execution_time": 57.77561664581299
    },
    "/home/faleivac/Documents/GitHub/TFG_FL_SLAM/Dataset/LIDAR/Inside/prueba16\\sift": {
        "cpu_usage": [
            58.69958333333333
        ],
        "memory_usage": [
            22.19291666666666
        ],
        "average_cpu_usage": 58.8433962264151,
        "average_memory_usage": 22.29811320754716,
        "execution_time": 52.11609745025635
    },
    "/home/faleivac/Documents/GitHub/TFG_FL_SLAM/Dataset/LIDAR/Inside/prueba16\\optimize": {
        "cpu_usage": [
            27.953125
        ],
        "memory_usage": [
            45.82216666666666
        ],
        "average_cpu_usage": 25.845059288537534,
        "average_memory_usage": 45.85652173913044,
        "execution_time": 252.66002774238586
    },
    "/home/faleivac/Documents/GitHub/TFG_FL_SLAM/Dataset/LIDAR/Inside/prueba1\\monocular": {
        "cpu_usage": [
            67.5675
        ],
        "memory_usage": [
            29.159999999999997
        ],
        "average_cpu_usage": 74.1962962962963,
        "average_memory_usage": 29.307407407407396,
        "execution_time": 26.942962169647217
    },
    "/home/faleivac/Documents/GitHub/TFG_FL_SLAM/Dataset/LIDAR/Inside/prueba8\\monocular": {
        "cpu_usage": [
            63.33
        ],
        "memory_usage": [
            29.080000000000002
        ],
        "average_cpu_usage": 68.6375,
        "average_memory_usage": 29.237499999999997,
        "execution_time": 7.796876430511475
    },
    "/home/faleivac/Documents/GitHub/TFG_FL_SLAM/Dataset/Monocular/prueba1\\monocular": {
        "cpu_usage": [
            72.33083333333335
        ],
        "memory_usage": [
            28.784999999999997
        ],
        "average_cpu_usage": 76.48064516129031,
        "average_memory_usage": 28.84193548387096,
        "execution_time": 30.77281951904297
    },
    "/home/faleivac/Documents/GitHub/TFG_FL_SLAM/Dataset/LIDAR/Inside/prueba1\\lidar": {
        "cpu_usage": [
            74.66
        ],
        "memory_usage": [
            30.419999999999998
        ],
        "average_cpu_usage": 74.66,
        "average_memory_usage": 30.419999999999998,
        "execution_time": 4.8381736278533936
    },
    "/home/faleivac/Documents/GitHub/TFG_FL_SLAM/Dataset/Estabilidad/ConEstab_monocular/prueba21\\monocular": {
        "cpu_usage": [
            68.77978021978022
        ],
        "memory_usage": [
            32.51252747252747
        ],
        "average_cpu_usage": 68.87164179104475,
        "average_memory_usage": 32.51791044776118,
        "execution_time": 66.324045419693
    },
    "/home/jimena/Escritorio/TFG_FL_SLAM/test-monocular\\monocular": {
        "cpu_usage": [
            100.0
        ],
        "memory_usage": [
            71.3
        ],
        "average_cpu_usage": 100.0,
        "average_memory_usage": 71.3,
        "execution_time": 0.15775227546691895
    }
}