{
    "/home/faleivac/Documents/GitHub/TFG_FL_SLAM/Dataset/LIDAR/Inside/prueba14\\monocular": {
        "cpu_usage": [
            28.900000000000002,
            86.8,
            87.825,
            87.15,
            87.67500000000001,
            87.275,
            88.69999999999999,
            86.15
        ],
        "memory_usage": [
            42.75,
            43.9,
            43.8,
            43.75,
            43.9,
            43.824999999999996,
            43.775,
            43.9
        ],
        "average_cpu_usage": 82.64193548387097,
        "average_memory_usage": 43.76129032258065,
        "execution_time": 30.46663475036621
    },
    "/home/faleivac/Documents/GitHub/TFG_FL_SLAM/Dataset/LIDAR/Inside/prueba14\\sift": {
        "cpu_usage": [
            10.649999999999999,
            64.6,
            59.95,
            56.275,
            55.8,
            52.2,
            54.425,
            53.6
        ],
        "memory_usage": [
            19.125,
            22.2,
            22.15,
            22.200000000000003,
            22.2,
            22.275,
            22.475,
            22.375
        ],
        "average_cpu_usage": 52.516666666666666,
        "average_memory_usage": 21.973333333333326,
        "execution_time": 29.272749185562134
    },
    "/home/faleivac/Documents/GitHub/TFG_FL_SLAM/Dataset/LIDAR/Inside/prueba14\\optimize": {
        "cpu_usage": [
            64.54583333333333,
            63.925,
            51.7875,
            46.900000000000006,
            39.641666666666666,
            47.25,
            41.925,
            29.074999999999996
        ],
        "memory_usage": [
            43.47083333333333,
            43.9375,
            44.05,
            44.075,
            44.150000000000006,
            44.287499999999994,
            44.337500000000006,
            44.4375
        ],
        "average_cpu_usage": 47.87580645161289,
        "average_memory_usage": 44.10806451612903,
        "execution_time": 61.61178994178772
    },
    "/home/faleivac/Documents/GitHub/TFG_FL_SLAM/Dataset/LIDAR/Inside/prueba16\\monocular": {
        "cpu_usage": [
            59.75833333333334,
            82.3,
            85.5,
            88.41250000000001,
            87.51249999999999,
            84.05416666666667,
            82.98750000000001,
            83.05000000000001
        ],
        "memory_usage": [
            44.75833333333334,
            45.087500000000006,
            45.0,
            45.0,
            45.03333333333333,
            44.983333333333334,
            45.041666666666664,
            44.95
        ],
        "average_cpu_usage": 82.22931034482757,
        "average_memory_usage": 44.9896551724138,
        "execution_time": 57.77561664581299
    },
    "/home/faleivac/Documents/GitHub/TFG_FL_SLAM/Dataset/LIDAR/Inside/prueba16\\sift": {
        "cpu_usage": [
            59.583333333333336,
            77.76666666666665,
            65.85,
            55.65833333333333,
            55.02916666666667,
            54.86666666666667,
            52.275,
            50.724999999999994
        ],
        "memory_usage": [
            21.349999999999998,
            22.299999999999997,
            22.299999999999997,
            22.304166666666667,
            22.454166666666666,
            22.516666666666666,
            22.504166666666666,
            22.545833333333334
        ],
        "average_cpu_usage": 58.8433962264151,
        "average_memory_usage": 22.29811320754716,
        "execution_time": 52.11609745025635
    },
    "/home/faleivac/Documents/GitHub/TFG_FL_SLAM/Dataset/LIDAR/Inside/prueba16\\optimize": {
        "cpu_usage": [
            50.99729166666666,
            39.349999999999994,
            27.619166666666665,
            20.896875,
            20.8125,
            15.186249999999998,
            15.174999999999997,
            17.6
        ],
        "memory_usage": [
            45.25791666666666,
            45.5,
            45.727708333333325,
            46.12187499999999,
            46.16875,
            46.334374999999994,
            46.334374999999994,
            45.39687500000001
        ],
        "average_cpu_usage": 25.845059288537534,
        "average_memory_usage": 45.85652173913044,
        "execution_time": 252.66002774238586
    },
    "/home/faleivac/Documents/GitHub/TFG_FL_SLAM/Dataset/LIDAR/Inside/prueba1\\monocular": {
        "cpu_usage": [
            10.9,
            79.025,
            81.15,
            82.94999999999999,
            81.42500000000001,
            83.45,
            82.65,
            80.275
        ],
        "memory_usage": [
            27.9,
            29.625,
            29.6,
            29.55,
            29.4,
            29.3,
            29.35,
            29.424999999999997
        ],
        "average_cpu_usage": 74.1962962962963,
        "average_memory_usage": 29.307407407407396,
        "execution_time": 26.942962169647217
    },
    "/home/faleivac/Documents/GitHub/TFG_FL_SLAM/Dataset/LIDAR/Inside/prueba8\\monocular": {
        "cpu_usage": [
            0.0,
            31.9,
            82.2,
            84.2,
            86.2,
            87.0,
            90.2,
            87.4
        ],
        "memory_usage": [
            27.3,
            29.1,
            29.5,
            29.6,
            29.6,
            29.5,
            29.6,
            29.7
        ],
        "average_cpu_usage": 68.6375,
        "average_memory_usage": 29.237499999999997,
        "execution_time": 7.796876430511475
    },
    "/home/faleivac/Documents/GitHub/TFG_FL_SLAM/Dataset/Monocular/prueba1\\monocular": {
        "cpu_usage": [
            37.266666666666666,
            82.525,
            82.5,
            84.0,
            82.85,
            85.95,
            86.5,
            60.45
        ],
        "memory_usage": [
            28.400000000000002,
            29.075,
            28.974999999999998,
            28.825,
            28.825000000000003,
            28.874999999999996,
            28.775,
            28.874999999999996
        ],
        "average_cpu_usage": 76.48064516129031,
        "average_memory_usage": 28.84193548387096,
        "execution_time": 30.77281951904297
    },
    "/home/faleivac/Documents/GitHub/TFG_FL_SLAM/Dataset/LIDAR/Inside/prueba1\\lidar": {
        "cpu_usage": [
            50.0,
            81.7,
            91.8,
            80.8,
            69.0
        ],
        "memory_usage": [
            29.1,
            30.3,
            30.6,
            31.0,
            31.1
        ],
        "average_cpu_usage": 74.66,
        "average_memory_usage": 30.419999999999998,
        "execution_time": 4.8381736278533936
    }
}