{
    "/home/faleivac/Documents/GitHub/TFG_FL_SLAM/Dataset/Estabilidad/ConEstab_monocular/prueba20\\monocular": {
        "cpu_usage": [
            33.3,
            32.3,
            81.275,
            80.45,
            79.9,
            80.275,
            78.44999999999999,
            74.9,
            78.0,
            80.35,
            76.5,
            79.65,
            79.25,
            74.5,
            82.75,
            84.05,
            81.9,
            81.9,
            80.9,
            82.0,
            75.57499999999999,
            79.15,
            74.1,
            57.075,
            22.0,
            1.8,
            0.2,
            3.65,
            5.375
        ],
        "memory_usage": [
            23.0,
            24.0,
            24.5,
            24.700000000000003,
            24.7,
            24.65,
            24.5,
            24.4,
            24.35,
            24.4,
            24.4,
            24.55,
            24.65,
            24.6,
            24.9,
            24.9,
            24.8,
            24.85,
            24.9,
            24.8,
            24.8,
            24.75,
            24.7,
            24.825000000000003,
            24.45,
            24.3,
            24.0,
            24.0,
            24.1
        ],
        "average_cpu_usage": 63.184482758620696,
        "average_memory_usage": 24.52931034482758,
        "execution_time": 57.663368940353394
    },
    "/home/faleivac/Documents/GitHub/TFG_FL_SLAM/Dataset/Estabilidad/ConEstab_monocular/prueba21\\monocular": {
        "cpu_usage": [
            0.0,
            29.4,
            86.4,
            88.4,
            44.5,
            44.900000000000006,
            81.9,
            88.8,
            84.35,
            83.65,
            83.1,
            82.875,
            84.05000000000001,
            79.2,
            61.5,
            46.9,
            73.4,
            80.625,
            77.1,
            81.7,
            78.0375,
            78.05,
            79.1,
            78.975,
            75.35,
            81.2,
            79.95,
            33.9,
            3.1500000000000004
        ],
        "memory_usage": [
            23.7,
            24.5,
            24.775,
            24.85,
            25.0,
            25.0,
            25.05,
            25.1,
            25.05,
            25.0,
            24.95,
            24.875,
            24.85,
            25.1,
            25.075000000000003,
            25.05,
            25.1,
            25.125,
            25.25,
            25.2,
            25.125,
            25.0,
            24.9,
            25.075,
            25.05,
            25.1,
            25.0,
            24.8,
            24.7375
        ],
        "average_cpu_usage": 68.31967213114753,
        "average_memory_usage": 24.9655737704918,
        "execution_time": 60.940301179885864
    },
    "/home/faleivac/Documents/GitHub/TFG_FL_SLAM/Dataset/Estabilidad/ConEstab_monocular/prueba22\\monocular": {
        "cpu_usage": [
            0.0,
            30.9,
            85.15,
            85.7,
            87.0,
            85.9,
            86.6,
            85.3,
            87.19999999999999,
            85.2,
            84.9,
            88.30000000000001,
            86.8,
            81.6,
            66.35,
            64.0,
            49.5,
            50.25,
            73.3,
            79.3,
            83.65,
            85.3,
            85.5,
            78.7,
            76.1,
            13.0,
            1.75,
            0.2,
            6.45
        ],
        "memory_usage": [
            23.4,
            24.3,
            24.8,
            24.7,
            24.7,
            24.75,
            24.7,
            24.6,
            24.6,
            24.6,
            24.7,
            24.7,
            24.8,
            24.9,
            24.9,
            24.9,
            24.9,
            24.75,
            24.6,
            24.7,
            24.65,
            24.6,
            24.6,
            24.7,
            24.8,
            24.5,
            24.4,
            24.3,
            24.5
        ],
        "average_cpu_usage": 64.29743589743589,
        "average_memory_usage": 24.635897435897437,
        "execution_time": 38.43486928939819
    },
    "/home/faleivac/Documents/GitHub/TFG_FL_SLAM/Dataset/Estabilidad/ConEstab_monocular/prueba23\\monocular": {
        "cpu_usage": [
            0.5,
            34.0,
            82.65,
            88.2,
            57.35,
            45.9,
            44.9,
            59.5,
            87.05000000000001,
            86.8,
            80.1,
            85.19999999999999,
            84.7,
            84.5,
            84.4,
            83.9,
            86.7,
            84.625,
            84.4,
            86.6,
            85.0,
            84.0,
            65.4,
            3.3000000000000003,
            8.0,
            7.8500000000000005,
            1.55,
            0.4,
            2.1
        ],
        "memory_usage": [
            23.4,
            24.6,
            25.05,
            25.0,
            25.0,
            24.85,
            24.9,
            24.8,
            24.9,
            24.9,
            25.1,
            25.1,
            25.0,
            24.9,
            24.9,
            24.9,
            24.9,
            24.9,
            24.9,
            24.8,
            24.825000000000003,
            24.9,
            24.6,
            24.5,
            24.4,
            24.6,
            24.3,
            24.2,
            24.475
        ],
        "average_cpu_usage": 57.763043478260876,
        "average_memory_usage": 24.76304347826086,
        "execution_time": 45.775858640670776
    },
    "/home/faleivac/Documents/GitHub/TFG_FL_SLAM/Dataset/Estabilidad/ConEstab_monocular/prueba24\\monocular": {
        "cpu_usage": [
            56.6,
            83.8,
            39.03333333333333,
            6.833333333333333,
            4.8500000000000005,
            9.691666666666666,
            7.183333333333334,
            19.96666666666667,
            77.35166666666666,
            75.23333333333333,
            77.43333333333334,
            79.06,
            78.58333333333333,
            76.28,
            74.31666666666666,
            76.05,
            77.0,
            38.775000000000006,
            14.12,
            79.95,
            80.84166666666667,
            61.28000000000001,
            82.06666666666666,
            80.53166666666667,
            62.46666666666667,
            79.95,
            76.18166666666667,
            77.43333333333334,
            10.700000000000001
        ],
        "memory_usage": [
            24.76,
            24.983333333333334,
            24.88,
            24.599999999999998,
            24.733333333333334,
            24.968333333333334,
            24.733333333333334,
            25.333333333333332,
            26.990000000000002,
            26.8,
            26.75,
            26.96666666666667,
            26.86666666666667,
            26.82,
            27.05833333333333,
            27.2,
            27.1,
            25.65833333333334,
            25.020000000000003,
            26.649999999999995,
            26.575,
            26.52,
            26.53333333333333,
            26.630000000000003,
            26.783333333333335,
            26.8,
            26.875,
            26.900000000000002,
            26.066666666666666
        ],
        "average_cpu_usage": 57.239910313901355,
        "average_memory_usage": 26.18789237668162,
        "execution_time": 223.17205786705017
    },