{
    "/home/faleivac/Documents/GitHub/TFG_FL_SLAM/Dataset/LIDAR/Inside/prueba14\\monocular": {
        "cpu_usage": [
            28.900000000000002,
            87.3125,
            87.15,
            87.47500000000001,
            87.425
        ],
        "memory_usage": [
            42.75,
            43.849999999999994,
            43.75,
            43.8625,
            43.8375
        ],
        "average_cpu_usage": 82.64193548387097,
        "average_memory_usage": 43.76129032258065,
        "execution_time": 30.46663475036621
    },
    "/home/faleivac/Documents/GitHub/TFG_FL_SLAM/Dataset/LIDAR/Inside/prueba14\\sift": {
        "cpu_usage": [
            10.649999999999999,
            62.275,
            56.275,
            54.0,
            54.0125
        ],
        "memory_usage": [
            19.125,
            22.174999999999997,
            22.200000000000003,
            22.237499999999997,
            22.425
        ],
        "average_cpu_usage": 52.516666666666666,
        "average_memory_usage": 21.973333333333326,
        "execution_time": 29.272749185562134
    },
    "/home/faleivac/Documents/GitHub/TFG_FL_SLAM/Dataset/LIDAR/Inside/prueba14\\optimize": {
        "cpu_usage": [
            64.54583333333333,
            57.85625,
            46.900000000000006,
            43.44583333333333,
            35.5
        ],
        "memory_usage": [
            43.47083333333333,
            43.99375,
            44.075,
            44.21875,
            44.3875
        ],
        "average_cpu_usage": 47.87580645161289,
        "average_memory_usage": 44.10806451612903,
        "execution_time": 61.61178994178772
    },
    "/home/faleivac/Documents/GitHub/TFG_FL_SLAM/Dataset/LIDAR/Inside/prueba16\\monocular": {
        "cpu_usage": [
            59.75833333333334,
            83.9,
            88.41250000000001,
            85.78333333333333,
            83.01875000000001
        ],
        "memory_usage": [
            44.75833333333334,
            45.04375,
            45.0,
            45.00833333333333,
            44.99583333333334
        ],
        "average_cpu_usage": 82.22931034482757,
        "average_memory_usage": 44.9896551724138,
        "execution_time": 57.77561664581299
    },
    "/home/faleivac/Documents/GitHub/TFG_FL_SLAM/Dataset/LIDAR/Inside/prueba16\\sift": {
        "cpu_usage": [
            59.583333333333336,
            71.80833333333332,
            55.65833333333333,
            54.94791666666667,
            51.5
        ],
        "memory_usage": [
            21.349999999999998,
            22.299999999999997,
            22.304166666666667,
            22.485416666666666,
            22.525
        ],
        "average_cpu_usage": 58.8433962264151,
        "average_memory_usage": 22.29811320754716,
        "execution_time": 52.11609745025635
    },
    "/home/faleivac/Documents/GitHub/TFG_FL_SLAM/Dataset/LIDAR/Inside/prueba16\\optimize": {
        "cpu_usage": [
            50.99729166666666,
            33.48458333333333,
            20.896875,
            17.999375,
            16.3875
        ],
        "memory_usage": [
            45.25791666666666,
            45.61385416666666,
            46.12187499999999,
            46.2515625,
            45.865625
        ],
        "average_cpu_usage": 25.845059288537534,
        "average_memory_usage": 45.85652173913044,
        "execution_time": 252.66002774238586
    },
    "/home/faleivac/Documents/GitHub/TFG_FL_SLAM/Dataset/LIDAR/Inside/prueba1\\monocular": {
        "cpu_usage": [
            10.9,
            80.0875,
            82.94999999999999,
            82.4375,
            81.4625
        ],
        "memory_usage": [
            27.9,
            29.6125,
            29.55,
            29.35,
            29.3875
        ],
        "average_cpu_usage": 74.1962962962963,
        "average_memory_usage": 29.307407407407396,
        "execution_time": 26.942962169647217
    },
    "/home/faleivac/Documents/GitHub/TFG_FL_SLAM/Dataset/LIDAR/Inside/prueba8\\monocular": {
        "cpu_usage": [
            0.0,
            57.05,
            84.2,
            86.6,
            88.80000000000001
        ],
        "memory_usage": [
            27.3,
            29.3,
            29.6,
            29.55,
            29.65
        ],
        "average_cpu_usage": 68.6375,
        "average_memory_usage": 29.237499999999997,
        "execution_time": 7.796876430511475
    },
    "/home/faleivac/Documents/GitHub/TFG_FL_SLAM/Dataset/Monocular/prueba1\\monocular": {
        "cpu_usage": [
            37.266666666666666,
            82.5125,
            84.0,
            84.4,
            73.475
        ],
        "memory_usage": [
            28.400000000000002,
            29.025,
            28.825,
            28.85,
            28.824999999999996
        ],
        "average_cpu_usage": 76.48064516129031,
        "average_memory_usage": 28.84193548387096,
        "execution_time": 30.77281951904297
    },
    "/home/faleivac/Documents/GitHub/TFG_FL_SLAM/Dataset/LIDAR/Inside/prueba1\\lidar": {
        "cpu_usage": [
            50.0,
            81.7,
            91.8,
            80.8,
            69.0
        ],
        "memory_usage": [
            29.1,
            30.3,
            30.6,
            31.0,
            31.1
        ],
        "average_cpu_usage": 74.66,
        "average_memory_usage": 30.419999999999998,
        "execution_time": 4.8381736278533936
    },
    "/home/faleivac/Documents/GitHub/TFG_FL_SLAM/Dataset/Estabilidad/ConEstab_monocular/prueba21\\monocular": {
        "cpu_usage": [
            33.3,
            16.7,
            30.8,
            76.1,
            79.0,
            75.4,
            74.2,
            80.2,
            71.7,
            45.1,
            44.5,
            47.1,
            45.3,
            44.3,
            50.5,
            73.4,
            80.8,
            81.4,
            75.7,
            77.8,
            68.2,
            79.6,
            76.3,
            74.8,
            75.5,
            77.3,
            75.4,
            76.5,
            78.1,
            72.8,
            76.8,
            78.5,
            75.6,
            73.5,
            76.8,
            67.2,
            51.5,
            46.2,
            48.2,
            51.0,
            47.6,
            65.5,
            75.0,
            71.0,
            77.0,
            75.6,
            75.0,
            76.3,
            79.3,
            73.1,
            75.4,
            76.5,
            80.1,
            70.5,
            80.9,
            75.8,
            75.8,
            75.4,
            78.0,
            77.4,
            76.1,
            70.4,
            80.3,
            76.9,
            78.0,
            74.4,
            74.0
        ],